country,common_name,total_observations
Indonesia,"Giant Mudskipper",1418
Indonesia,"Green Sea Turtle",1345
Indonesia,"Clark'S Anemonefish",1064
Indonesia,"Ocellaris Anemonefish",984
Indonesia,"Hawksbill Sea Turtle",976
Indonesia,"Moorish Idol",854
Indonesia,"Blackspotted Puffer",830
Indonesia,"Striped Snakehead",809
Indonesia,Scorpionfish,697
Indonesia,"Pacific Trumpetfish",694
Indonesia,"Common Lionfish",634
Indonesia,"Blacklip Butterflyfish",605
Indonesia,"Amur Carp",583
Indonesia,"Leaf Scorpionfish",580
Indonesia,"Indo-Pacific Sergeant Major",573
Indonesia,"Three-Spot Dascyllu",570
Indonesia,"Titan Triggerfish",537
Indonesia,"Pink Skunk Anemonefish",505
Indonesia,"Bluespotted Fantail Ray",504
Indonesia,"Orangestripe Triggerfish",500
Indonesia,"Spine-Cheek Clownfish",496
Indonesia,"Regal Angelfish",495
Indonesia,"Spotfin Lionfish",495
Indonesia,Guppy,491
Indonesia,"Blacksaddle Toby",485
Indonesia,"Yellow Boxfish",485
Indonesia,"Painted Frogfish",484
Indonesia,"Giant Moray",481
Indonesia,"Harlequin Sweetlip",479
Indonesia,"Moon Wrasse",477
Indonesia,"Reef Manta Ray",471
Indonesia,"Bluestreak Cleaner Wrasse",467
Indonesia,Tilapia,459
Indonesia,"Ornate Ghostpipefish",456
Indonesia,"Map Puffer",455
Indonesia,"Checkerboard Wrasse",446
Indonesia,"Golden Damselfish",446
Indonesia,"Vagabond Butterflyfish",443
Indonesia,"Lemon Damsel",442
Indonesia,"Freckled Hawkfish",441
Indonesia,"Nile Tilapia",440
Indonesia,"Blacktip Reef Shark",439
Indonesia,"Emperor Angelfish",437
Indonesia,"Pygmy Seahorse",435
Indonesia,"Bridled Monocle Bream",434
Indonesia,"Staghorn Damsel",433
Indonesia,"Smallscale Scorpionfish",432
Indonesia,"Redtooth Triggerfish",432
Indonesia,"Redfin Butterflyfish",428
Indonesia,"Midnight Snapper",427
Indonesia,"Humphead Bannerfish",425
Indonesia,Periophthalmus,422
Indonesia,"Ribbon Eel",417
Indonesia,"Zebra Lionfish",411
Indonesia,"Striped Surgeonfish",410
Indonesia,"Striped Eel Catfish",410
Indonesia,"Spotted Boxfish",408
Indonesia,"Banded Archerfish",407
Indonesia,"Coral Grouper",406
Indonesia,"Longfin Batfish",398
Indonesia,"Oriental Sweetlip",394
Indonesia,"Sixbar Wrasse",393
Indonesia,"Lined Bristletooth",390
Indonesia,"Reticulated Damselfish",385
Indonesia,"Northern River Garfish",379
Indonesia,Goldfish,379
Indonesia,"Eastern Triangle Butterflyfish",379
Indonesia,"Mimic Surgeonfish",372
Indonesia,"Snowflake Moray",358
Indonesia,"Blue-Spotted Cornetfish",357
Indonesia,"Brown Tang",357
Indonesia,Damselfish,354
Indonesia,"Pacific Bullethead Parrotfish",353
Indonesia,"Clown Triggerfish",353
Indonesia,"Mayan Cichlid",352
Indonesia,"Crocodile Flathead",350
Indonesia,"Bluefin Trevally",346
Indonesia,"Pinktail Triggerfish",342
Indonesia,"Redbreast Maori Wrasse",341
Indonesia,"Bleeker'S Parrotfish",338
Indonesia,"Blackeye Thicklip",336
Indonesia,"Yellowmargin Moray",335
Indonesia,"Neon Damselfish",334
Indonesia,"Bignose Unicornfish",333
Indonesia,"Variegated Lizardfish",328
Indonesia,"White-Spotted Puffer",328
Indonesia,Whitespot,320
Indonesia,"Napoleon Wrasse",318
Indonesia,"Bicolor Angelfish",318
Indonesia,"Yellowtail Cori",317
Indonesia,"Whitecheek Surgeonfish",317
Indonesia,"Indo-Pacific Yellowtail Damsel",314
Indonesia,"Oblique-Banded Sweetlip",313
Indonesia,"Striped Triplefin",312
Indonesia,"Ribbon Sweetlip",312
Indonesia,Houndfish,309
Indonesia,"Warty Anglerfish",309
Indonesia,"Dusky Batfish",308
Indonesia,"Common Seahorse",307
Indonesia,"Manybar Goatfish",302
Indonesia,"Whitetip Reef Shark",300
Indonesia,"Barred Mudskipper",298
Indonesia,"Lattice Butterflyfish",297
Indonesia,"Blackback Butterflyfish",296
Indonesia,Foxface,293
Indonesia,"Chevron Butterflyfish",291
Indonesia,"Scissortail Sergeant",288
Indonesia,"White-Eyed Moray",288
Indonesia,"Scrawled Filefish",286
Indonesia,"Blackpatch Triggerfish",285
Indonesia,"Spiny Seahorse",285
Indonesia,"Peacock Grouper",282
Indonesia,"Pearly Monocle Bream",280
Indonesia,"Banded Pipefish",279
Indonesia,"Anchor Tuskfish",279
Indonesia,"Oval-Spot Butterflyfish",278
Indonesia,"Devil Stinger",276
Indonesia,Mudskipper,270
Indonesia,"Siamese Fighting Fish",269
Indonesia,"Fire Dartfish",266
Indonesia,"Checkered Snapper",265
Indonesia,"Spotted Porcupinefish",264
Indonesia,"Sixband Angelfish",264
Indonesia,"Pyramid Butterflyfish",263
Indonesia,"Bluegirdle Angelfish",263
Indonesia,"Scissor-Tailed Fusilier",262
Indonesia,"Threadfin Anthia",261
Indonesia,"Robust Ghostpipefish",260
Indonesia,"Blue-Green Chromi",259
Indonesia,"Eyeline Surgeonfish",259
Indonesia,"Humpback Grouper",258
Indonesia,"Jointed Razorfish",258
Indonesia,"Honeycomb Grouper",257
Indonesia,"Forceps Butterflyfish",257
Indonesia,"Linedcheek Wrasse",256
Indonesia,"Dot-And-Dash Goatfish",255
Indonesia,"Blue-Headed Wrasse",254
Indonesia,"Vermiculate Angelfish",251
Indonesia,"Yellow-Barred Parrotfish",250
Indonesia,"Boddart'S Blue-Spotted Mudskipper",249
Indonesia,"Pacific Lyretail Anthia",248
Indonesia,"Tasselled Wobbegong",248
Indonesia,"Lined Monocle Bream",246
Indonesia,"Starry Puffer",245
Indonesia,"Orange Skunk Anemonefish",245
Indonesia,"Mozambique Tilapia",245
Indonesia,"Saddleback Anemonefish",244
Indonesia,"Panther Flounder",244
Indonesia,"Bumphead Parrotfish",244
Indonesia,"Dwarf Lionfish",243
Indonesia,"Blackback Anemonefish",241
Indonesia,"Three Spot Gourami",239
Indonesia,"Speckled Damsel",238
Indonesia,"Bentstick Pipefish",238
Indonesia,"Bluespotted Grouper",238
Indonesia,"Masked Rabbitfish",236
Indonesia,"Gold-Spotted Mudskipper",235
Indonesia,"Tailspot Squirrelfish",234
Indonesia,"Humpnose Bigeye Bream",234
Indonesia,"Bigeye Trevally",233
Indonesia,"Twospot Wrasse",231
Indonesia,"Bluestriped Fangblenny",230
Indonesia,"Penang Betta",230
Indonesia,"Sailfin Catfish",229
Indonesia,"Raccoon Butterflyfish",229
Indonesia,"Pennant Bannerfish",228
Indonesia,"Black Damsel",228
Indonesia,"Panda Butterflyfish",228
Indonesia,"Ornate Butterflyfish",227
Indonesia,"Channa Limbata",227
Indonesia,"Redfin Hogfish",226
Indonesia,"Flagtail Triggerfish",226
Indonesia,"Swarthy Parrotfish",225
Indonesia,"Golden Spadefish",225
Indonesia,"Giant Frogfish",224
Indonesia,"Fimbriated Moray",223
Indonesia,"Yellow-Spotted Mudskipper",222
Indonesia,"Freckled Goatfish",220
Indonesia,"White Damsel",220
Indonesia,"Gobies And Allie",220
Indonesia,"Three-Striped Whiptail",219
Indonesia,"Humbug Dascyllu",219
Indonesia,"Ternate Chromi",218
Indonesia,"Blackbelt Hogfish",218
Indonesia,"Banggai Cardinalfish",218
Indonesia,"Reticulated Sandperch",215
Indonesia,"Bird Wrasse",215
Indonesia,"Blue-And-Yellow Fusilier",213
Indonesia,"Whitebelly Damsel",213
Indonesia,"Lei Triggerfish",211
Indonesia,"Goldbelly Damsel",211
Indonesia,Mullet,208
Indonesia,"Zigzag Wrasse",208
Indonesia,"Saddle Butterflyfish",208
Indonesia,"Blackblotched Porcupinefish",208
Indonesia,"Narrowlined Puffer",207
Indonesia,"Pacific Sailfin Tang",207
Indonesia,"Spotted Parrotfish",207
Indonesia,"Neon Fusilier",206
Indonesia,"Slender Grouper",205
Indonesia,"Copperband Butterflyfish",204
Indonesia,"Flagtail Grouper",204
Indonesia,"Pacific Orange-Spine Unicornfish",203
Indonesia,"Orangebanded Coralfish",201
Indonesia,"Yellowmask Surgeonfish",201
Indonesia,Sharksucker,199
Indonesia,"Pale Monocle Bream",199
Indonesia,"Papuan Toby",197
Indonesia,"Blacktip Grouper",197
Indonesia,"Threespot Angelfish",196
Indonesia,"Ambon Damsel",196
Indonesia,"Semicircle Angelfish",195
Indonesia,"Rockmover Wrasse",194
Indonesia,"Redlip Parrotfish",194
Indonesia,"Sharptooth Catfish",194
Indonesia,Zenarchopterus,193
Indonesia,"Eightband Butterflyfish",193
Indonesia,"Blueface Angelfish",193
Indonesia,"Pixy Hawkfish",191
Indonesia,"Threadfin Butterflyfish",191
Indonesia,"Bicolor Chromi",191
Indonesia,"Orangeblotch Surgeonfish",190
Indonesia,Cichlid,190
Indonesia,"Pearlscale Angelfish",189
Indonesia,"Blackvent Damsel",188
Indonesia,"Latticed Sandperch",187
Indonesia,"Croaking Gourami",187
Indonesia,"Floral Maori Wrasse",187
Indonesia,"Giant Trevally",186
Indonesia,"Sharpnose Sandperch",185
Indonesia,"Orange-Spotted Trevally",185
Indonesia,"Devil Scorpionfish",184
Indonesia,"Doublebar Rabbitfish",183
Indonesia,"Yellowtail Fusilier",183
Indonesia,"Yellowtail Wrasse",181
Indonesia,"Wrasses And Parrotfish",180
Indonesia,"Spotted Barb",180
Indonesia,"Common Snapper",179
Indonesia,"Dragon Seamoth",179
Indonesia,"Blue Demoiselle",179
Indonesia,"Giant Snakehead",179
Indonesia,"Golden Rabbitfish",179
Indonesia,"Many-Host Ghostgoby",178
Indonesia,"Jewel Damsel",178
Indonesia,"Decorated Sandgoby",177
Indonesia,"Painted Sweetlip",175
Indonesia,"Reeftop Pipefish",175
Indonesia,"Keyhole Angelfish",175
Indonesia,"Humpback Snapper",174
Indonesia,"Dwarf Hawkfish",173
Indonesia,"Pacific Double-Saddle Butterflyfish",173
Indonesia,"Asian Arowana",173
Indonesia,"Climbing Perch",172
Indonesia,"Palenose Parrotfish",172
Indonesia,Parrotfish,172
Indonesia,"Bluespotted Puffer",172
Indonesia,"Thornback Cowfish",172
Indonesia,"Teardrop Butterflyfish",172
Indonesia,"Doublebar Goatfish",172
Indonesia,"Twotone Dartfish",171
Indonesia,"Bluespotted Maskray",171
Indonesia,"Orange And Black Dragonet",170
Indonesia,"Oriental Flying Gurnard",170
Indonesia,"Crescent-Tail Bigeye",170
Indonesia,"Canary Wrasse",169
Indonesia,"Pinstriped Wrasse",169
Indonesia,"Oriental Bluespotted Maskray",169
Indonesia,"Round Batfish",168
Indonesia,"Spiny Chromi",167
Indonesia,"Crescent Grunter",166
Indonesia,"Brilliant Rasbora",166
Indonesia,"Barred Soapfish",165
Indonesia,"Longnose Butterflyfish",165
Indonesia,"Meyer'S Butterflyfish",164
Indonesia,"Squarespot Anthia",164
Indonesia,"Orange-Dashed Goby",164
Indonesia,"Ringtail Cardinalfish",164
Indonesia,"Longhorn Cowfish",163
Indonesia,"Spotfin Squirrelfish",163
Indonesia,"Blacktail Snapper",163
Indonesia,"Onespot Snapper",162
Indonesia,"Spotted Garden Eel",161
Indonesia,"Jansen'S Wrasse",161
Indonesia,"Thumbprint Emperor",161
Indonesia,"Tripletail Maori Wrasse",161
Indonesia,"Giant Gourami",161
Indonesia,"Violet Soldierfish",160
Indonesia,"Whitebelly Toby",159
Indonesia,"Striate Anglerfish",159
Indonesia,"Napoleon Snake Eel",158
Indonesia,Spadefish,158
Indonesia,Antennarius,157
Indonesia,"Strapweed Filefish",156
Indonesia,"Marbled Goby",156
Indonesia,"Saddle Barb",154
Indonesia,Clarias,152
Indonesia,"Orbicular Cardinalfish",152
Indonesia,"Singapore Glassy Perchlet",152
Indonesia,"Twospot Bristletooth",152
Indonesia,"Longspined Porcupinefish",152
Indonesia,"Redfin Bream",152
Indonesia,"Bluestreak Goby",151
Indonesia,"Barred Shrimpgoby",151
Indonesia,"Blue-Barred Parrotfish",151
Indonesia,"Twotone Wrasse",151
Indonesia,"Blacktail Humbug",150
Indonesia,"Pearly Soldierfish",150
Indonesia,"Specklefin Grouper",150
Indonesia,"Fingerprint Toby",149
Indonesia,"Blackstriped Cardinalfish",149
Indonesia,"Spotted Scat",149
Indonesia,"Blackspot Longtom",149
Indonesia,"Squaretail Mullet",148
Indonesia,"Paletail Unicornfish",148
Indonesia,"White-Edged Lyretail",148
Indonesia,"Tubelip Wrasse",147
Indonesia,"Yellowstriped Cardinalfish",146
Indonesia,"Threadfin Hawkfish",146
Indonesia,"Typical Damselfishs And Anemonefish",145
Indonesia,"Greenblotch Parrotfish",145
Indonesia,"Slingjaw Wrasse",145
Indonesia,"Western Mosquitofish",145
Indonesia,"Cigar Wrasse",144
Indonesia,"Whitebarred Goby",144
Indonesia,"Humpback Unicornfish",144
Indonesia,"Whitestreak Monocle Bream",143
Indonesia,"Yellowfin Surgeonfish",142
Indonesia,"Speckled Butterflyfish",142
Indonesia,"Brown-Banded Bamboo Shark",142
Indonesia,"Great Barracuda",141
Indonesia,"Pickhandle Barracuda",141
Indonesia,"Spanner Barb",141
Indonesia,Pomacentrus,140
Indonesia,"Spot-Tail Butterflyfish",139
Indonesia,"Weedy Pygmy Seahorse",139
Indonesia,"Tiger Cardinalfish",139
Indonesia,"Tricolour Parrotfish",138
Indonesia,"Flowery Rockcod",138
Indonesia,"Sunda Swamp Eel",138
Indonesia,"Freshwater Angelfish",137
Indonesia,"True Rasbora",137
Indonesia,"Banded Snake Eel",137
Indonesia,"Linespot Fangblenny",136
Indonesia,"Spotbanded Butterflyfish",136
Indonesia,"Mimic Filefish",136
Indonesia,"Dusky Rabbitfish",136
Indonesia,"Convict Surgeonfish",135
Indonesia,"Typical Scorpionfish",135
Indonesia,"Palette Tang",135
Indonesia,"Yellowmargin Triggerfish",134
Indonesia,Cyprinid,134
Indonesia,"Singular Bannerfish",134
Indonesia,"Highfin Chub",133
Indonesia,"Barred Thicklip",133
Indonesia,"Vanikoro Sweeper",133
Indonesia,"Bigeye Snapper",132
Indonesia,"Coral Rabbitfish",132
Indonesia,"Blackbar Damselfish",132
Indonesia,"Reef Stonefish",132
Indonesia,"Betta Fish",132
Indonesia,"Two-Spot Red Snapper",131
Indonesia,"Philippine Chromi",131
Indonesia,"Wire Coral Goby",130
Indonesia,"False Scorpionfish",130
Indonesia,"Yellowfin Parrotfish",129
Indonesia,"Elegant Rasbora",129
Indonesia,"Twospot Snapper",129
Indonesia,"Redfin Anthia",128
Indonesia,"Longfin Emperor",128
Indonesia,"Black-Axil Chromi",127
Indonesia,"Fiveline Cardinalfish",127
Indonesia,"Blueside Wrasse",127
Indonesia,"Arc-Eye Hawkfish",126
Indonesia,"Peacock Razorfish",126
Indonesia,"Striped Boxfish",124
Indonesia,"Tinfoil Barb",123
Indonesia,"Pastel-Green Wrasse",123
Indonesia,Acanthurus,122
Indonesia,"Namiye'S Combtooth Blenny",122
Indonesia,"Black-Finned Snake Eel",122
Indonesia,"Surgeonfishs, Tangs, And Unicornfish",122
Indonesia,"Bicolor Blenny",121
Indonesia,"Yellow Chromi",121
Indonesia,"Longjaw Mackerel",121
Indonesia,Ostorhinchus,121
Indonesia,"Common Moray",121
Indonesia,"Denise'S Pygmy Seahorse",120
Indonesia,"Peacock River Stingray",120
Indonesia,"Bristle-Tail Leatherjacket",119
Indonesia,"Ambon Scorpionfish",119
Indonesia,"Blue Blanquillo",119
Indonesia,"Green Spotted Puffer",118
Indonesia,"Blackfin Barracuda",118
Indonesia,Ghostgobie,118
Indonesia,"Spotted Shrimpgoby",118
Indonesia,"One-Stripe Fusilier",118
Indonesia,"Cockatoo Waspfish",117
Indonesia,"Redmargin Shrimpgoby",117
Indonesia,"Soldier Fish",116
Indonesia,"Dusky-Gilled Mudskipper",116
Indonesia,"Green Chromide",116
Indonesia,"Asian Snakehead",115
Indonesia,"Walking Catfish",115
Indonesia,"Spinner Dolphin",115
Indonesia,"Cloud Wrasse",115
Indonesia,"Schroeder'S Rainbow Wrasse",115
Indonesia,Cheilodipterus,114
Indonesia,"Orangeline Wrasse",114
Indonesia,Scarus,114
Indonesia,"Pygmy Halfbeak",113
Indonesia,"Steephead Parrotfish",113
Indonesia,"Typical Carp",113
Indonesia,"Yellowstripe Goatfish",113
Indonesia,"Yellowtail Fangblenny",113
Indonesia,"Talbot'S Demoiselle",113
Indonesia,"Honeyhead Damsel",112
Indonesia,"Purple Queenfish",112
Indonesia,"Bicolor Cleaner Wrasse",112
Indonesia,"Yellowfin Goatfish",112
Indonesia,"Zebra Tilapia",112
Indonesia,"Ornate Sandgoby",111
Indonesia,"Jewelled Blenny",111
Indonesia,Frogfish,111
Indonesia,"Shorthead Sabretooth Blenny",110
Indonesia,"Blackspot Snapper",110
Indonesia,"Schooling Bannerfish",110
Indonesia,"Longnose Emperor",110
Indonesia,Parapercis,110
Indonesia,"Surf Parrotfish",109
Indonesia,"Neon Pygmy-Goby",109
Indonesia,"Blackfin Sandperch",108
Indonesia,"Sixline Wrasse",108
Indonesia,"Thousand-Spot Grubfish",108
Indonesia,"Black-And-White Snapper",108
Indonesia,"Javanese Ricefish",108
Indonesia,"Blue-Eye Cardinalfish",108
Indonesia,"Whale Shark",108
Indonesia,Dwarfgobie,107
Indonesia,"Whitetip Soldierfish",107
Indonesia,"Ruddy Fusilier",106
Indonesia,"Peacock Sole",106
Indonesia,Oscar,106
Indonesia,"Hard-Lipped Barb",105
Indonesia,Barbodes,105
Indonesia,"Gorgeous Shrimpgoby",104
Indonesia,"Shoulderspot Goby",104
Indonesia,Mandarinfish,103
Indonesia,"Laced Moray",103
Indonesia,"Chiseltooth Wrasse",103
Indonesia,"Eclipse Butterflyfish",102
Indonesia,"Striped Sweetlip",102
Indonesia,"Broad-Banded Shrimpgoby",102
Indonesia,"Blackbanded Damsel",102
Indonesia,"White-Spotted Eagle Ray",102
Indonesia,"Indonesian Speckled Carpetshark",101
Indonesia,"Rainbow Monocle Bream",101
Indonesia,"Charcoal Damsel",101
Indonesia,"Fanbelly Leatherjacket",100
Indonesia,"Typical Flathead",100
Indonesia,"Whitemouth Moray",100
Indonesia,Anemonefish,100
Indonesia,"Cantor'S Gudgeon",99
Indonesia,"Grey Damsel",99
Indonesia,"Whitepatch Damsel",99
Indonesia,"Black Triggerfish",99
Indonesia,"Darkcap Parrotfish",99
Indonesia,"Spanish Flag Snapper",98
Indonesia,"Greensnout Parrotfish",98
Indonesia,"Green Swordtail",98
Indonesia,"Tiger Tail Seahorse",97
Indonesia,"Nakedhead Shrimpgoby",97
Indonesia,"Three-Ribbon Wrasse",96
Indonesia,"Pajama Cardinalfish",96
Indonesia,"Lined Butterflyfish",96
Indonesia,"Ornate Leopard Wrasse",96
Indonesia,"Yellowbarred Jawfish",96
Indonesia,"Forest Halfbeak",96
Indonesia,"Striped Eviota",95
Indonesia,"Sixspot Glidergoby",95
Indonesia,"Bluehead Demoiselle",94
Indonesia,"Redspot Cardinalfish",94
Indonesia,Diamondfish,94
Indonesia,Barramundi,93
Indonesia,"Powder Blue Tang",93
Indonesia,"Lamarck'S Angelfish",93
Indonesia,Lethrinus,93
Indonesia,"Tail-Brooding Pipefish",93
Indonesia,"Redspotted Sandperch",92
Indonesia,"Breastspot Cleanerfish",92
Indonesia,"Pacific Dusky Wrasse",92
Indonesia,"Frostfin Cardinalfish",92
Indonesia,"Goldsaddle Goatfish",92
Indonesia,"Peacock Basse",92
Indonesia,"Dogtooth Tuna",91
Indonesia,"Bengal Snapper",91
Indonesia,Chromi,91
Indonesia,"Oblique-Bar Monocle Bream",90
Indonesia,"Sleek Unicornfish",90
Indonesia,"Lunar Fusilier",90
Indonesia,"Banded Mulletgoby",90
Indonesia,"Blackbar Chromi",89
Indonesia,Synodus,89
Indonesia,"Olive Ridley Sea Turtle",89
Indonesia,"Bluestriped Snapper",89
Indonesia,"Shortspine Porcupinefish",89
Indonesia,"Forest Snakehead",89
Indonesia,Gobiinae,89
Indonesia,"Firetail Dottyback",88
Indonesia,"Longfin Bannerfish",88
Indonesia,"Splendid Dottyback",88
Indonesia,Filefish,88
Indonesia,"Slender Lizardfish",87
Indonesia,"Onespot Demoiselle",87
Indonesia,"Scaly Damsel",87
Indonesia,"Bluepatch Parrotfish",87
Indonesia,"Flasher Sandgoby",87
Indonesia,"Longfin Rockcod",87
Indonesia,"Striped Clingfish",87
Indonesia,"Yellow-Edged Lyretail",87
Indonesia,"Doubleline Fusilier",86
Indonesia,"Puffer Filefish",86
Indonesia,"Golden Sweeper",86
Indonesia,"Moluccan Cardinalfish",86
Indonesia,"Redshoulder Wrasse",86
Indonesia,"Chocolate Grouper",86
Indonesia,"Redspot Emperor",86
Indonesia,"Barred Rabbitfish",85
Indonesia,Epinephelus,85
Indonesia,"Scribbled Rabbitfish",85
Indonesia,"Pale-Tail Chromi",85
Indonesia,"Royal Dottyback",85
Indonesia,"Bath'S Blenny",85
Indonesia,"Blacklined Glidergoby",84
Indonesia,"Irrawaddy Dolphin",84
Indonesia,"Java Rabbitfish",83
Indonesia,"Bluestripe Lizardfish",83
Indonesia,Chlorurus,83
Indonesia,"Palespotted Combtooth Blenny",82
Indonesia,"Wirenet Filefish",82
Indonesia,Bathygobius,82
Indonesia,"Rhombic Barb",82
Indonesia,"Iridescent Cardinalfish",82
Indonesia,"Silver Arowana",82
Indonesia,"Grey Knight Goby",81
Indonesia,"Flowerhorn Cichlid",81
Indonesia,"Java Barb",81
Indonesia,"Whitestripe Sandperch",81
Indonesia,"Brassy Drummer",81
Indonesia,Istigobius,81
Indonesia,"Striped Goby",81
Indonesia,"Orangelined Cardinalfish",81
Indonesia,"Longnose Hawkfish",81
Indonesia,"Spotted Rabbitfish",80
Indonesia,Seahorse,80
Indonesia,"Bristletooth Tang",80
Indonesia,Vieja,80
Indonesia,"Crimson Soldierfish",80
Indonesia,"Butterflyfishs, Angelfishs, And Allie",80
Indonesia,"Alligator Gar",79
Indonesia,"Lined Soapfish",79
Indonesia,"Black Leopard Wrasse",79
Indonesia,"Pastel Ring Wrasse",79
Indonesia,Cardinalfish,79
Indonesia,"Flagtail Shrimpgoby",79
Indonesia,"Speckled Snapper",79
Indonesia,Corythoichthys,79
Indonesia,"Estuarine Stonefish",78
Indonesia,"Paddle-Flap Scorpionfish",78
Indonesia,"Indian Vagabond Butterflyfish",78
Indonesia,"Leopard Rockcod",78
Indonesia,"Hampala Barb",78
Indonesia,"Spotted Archerfish",78
Indonesia,Ambassis,78
Indonesia,"Princess Damsel",78
Indonesia,"Barred Filefish",78
Indonesia,"Mud-Reef Goby",78
Indonesia,"Tiger Barb",77
Indonesia,"Golden Trevally",77
Indonesia,"Striped Large-Eye Bream",77
Indonesia,"Sixband Parrotfish",77
Indonesia,"Ventral-Barred Shrimpgoby",77
Indonesia,"Whitetail Surgeonfish",76
Indonesia,"Weedy Scorpionfish",76
Indonesia,"Spottail Dartfish",76
Indonesia,"Coral Beauty",76
Indonesia,"Seram Blenny",76
Indonesia,"Yellowbar Parrotfish",75
Indonesia,"Needlefishs, Halfbeaks, And Allie",75
Indonesia,Rabbitfish,75
Indonesia,Lionfish,74
Indonesia,"Redmouth Grouper",74
Indonesia,"Spurcheek Cardinalfish",74
Indonesia,"Spot-Tail Shark",74
Indonesia,"Devil Ray",74
Indonesia,Milkfish,74
Indonesia,"Red-Bellied Pacu",74
Indonesia,"Forest Walking Catfish",73
Indonesia,"Cinnabar Goatfish",73
Indonesia,"Areolate Grouper",73
Indonesia,"Latent Slingjaw Wrasse",73
Indonesia,"Cheekbar Cardinalfish",73
Indonesia,"Longnose Filefish",73
Indonesia,"Whiteface Waspfish",72
Indonesia,"Barcheek Trevally",72
Indonesia,"Bengal Sergeant",72
Indonesia,"Strawberry Grouper",72
Indonesia,"Mangrove Red Snapper",72
Indonesia,"Barred-Fin Moray",72
Indonesia,"Sea Mullet",71
Indonesia,"Blacktip Silverbiddy",71
Indonesia,Needlefish,71
Indonesia,"Hairfin Goby",71
Indonesia,"Purple Threadfin Bream",71
Indonesia,Barracuda,71
Indonesia,"Weber'S Puller",71
Indonesia,"Fivefinger Razorfish",70
Indonesia,"Silver Halfbeak",70
Indonesia,"Old World Silverside",70
Indonesia,Caranginae,69
Indonesia,"Convict Blenny",69
Indonesia,"South And Central American Cichlid",69
Indonesia,"Saddle Grouper",69
Indonesia,"Greencheek Parrotfish",69
Indonesia,"Twinspot Lionfish",69
Indonesia,"Moluccan Bluespotted Maskray",69
Indonesia,"Shadowfin Soldierfish",68
Indonesia,"European Carp",68
Indonesia,"Schroeder'S Combtooth Blenny",68
Indonesia,"Slender Mudskipper",68
Indonesia,Dragonet,68
Indonesia,Monopterus,68
Indonesia,"Ehrenberg'S Snapper",67
Indonesia,"True Mahseer",67
Indonesia,"Eel Catfish",67
Indonesia,Unicornfish,67
Indonesia,"Threespine Frogfish",67
Indonesia,"Carpet Eel Blenny",67
Indonesia,"Orangestriped Emperor",67
Indonesia,"Ambon Puller",66
Indonesia,"Typical Requiem Shark",66
Indonesia,"Butterfly Peacock Bas",66
Indonesia,"Fiveline Snapper",66
Indonesia,"Tomato Clownfish",66
Indonesia,"Iridescent Shark",65
Indonesia,"Blueback Damselfish",65
Indonesia,"Banded Damselfish",65
Indonesia,"Speckled Peacock Bas",65
Indonesia,"Pink-Margined Parrotfish",65
Indonesia,"Pipefishs, Seahorses, And Seadragon",65
Indonesia,Moray,65
Indonesia,"Queensland Seahorse",65
Indonesia,"Giant Sweetlip",65
Indonesia,"Bluering Angelfish",64
Indonesia,"Zebra Moray",64
Indonesia,"Winged Pipefish",64
Indonesia,"Lagoon Damsel",64
Indonesia,"Rainbow Runner",63
Indonesia,"Scorpionfishs And Allie",63
Indonesia,Comet,63
Indonesia,Arowana,63
Indonesia,"Slender Walking Catfish",63
Indonesia,"Dusky Surgeonfish",63
Indonesia,"African Cichlid",63
Indonesia,Catfish,63
Indonesia,"Steinitz'S Shrimpgoby",63
Indonesia,"Redtail Catfish",63
Indonesia,"Blue-Spotted Mudskipper",63
Indonesia,"Starry Gobie",63
Indonesia,"Midget Flathead",63
Indonesia,"Oxeye Scad",62
Indonesia,"Red Squirrelfish",62
Indonesia,"Largescale Grunter",62
Indonesia,"Whitespotted Guitarfish",62
Indonesia,"Barhead Damsel",61
Indonesia,"Halimeda Ghostpipefish",61
Indonesia,"Grooved Razorfish",61
Indonesia,Bryaninops,61
Indonesia,"Regal Demoiselle",61
Indonesia,Live-Bearer,61
Indonesia,"Vachell'S Glassfish",61
Indonesia,"Highfin Coralgrouper",61
Indonesia,"Javanese Damselfish",61
Indonesia,"Goldspotted Rockcod",60
Indonesia,Mollie,60
Indonesia,"Barred Angelfish",60
Indonesia,"Ringeye Pygmygoby",60
Indonesia,"Dark-Fin Chromi",60
Indonesia,"Humpback Scorpionfish",59
Indonesia,"Wide-Barred Shrimpgoby",59
Indonesia,"Blue-Scribbled Damsel",59
Indonesia,"Richmond'S Wrasse",59
Indonesia,"Old Glory",59
Indonesia,"Lagoon Triggerfish",59
Indonesia,"Red-Tailed Rasbora",59
Indonesia,Salariinae,59
Indonesia,"Signal Goby",59
Indonesia,"Masked Grouper",59
Indonesia,"Smalltooth Jobfish",59
Indonesia,"Peppered Moray",58
Indonesia,Jack,58
Indonesia,Gobie,58
Indonesia,"Tailspot Blenny",58
Indonesia,"Banded Sergeant",58
Indonesia,"Threespot Damsel",58
Indonesia,"Shortpouch Pygmy Pipehorse",58
Indonesia,"Flagtail Blanquillo",58
Indonesia,"Goldlined Rabbitfish",58
Indonesia,"Finger Dragonet",58
Indonesia,"Forktail Rabbitfish",58
Indonesia,"White-Spine Surgeonfish",58
Indonesia,"Nosestripe Sandperch",58
Indonesia,"Humphead Batfish",58
Indonesia,Fusilier,57
Indonesia,"Ornate Emperor",57
Indonesia,"Blotched Goby",57
Indonesia,"Broom Filefish",57
Indonesia,"Yellowfin Flasher Wrasse",57
Indonesia,"Australian Bluespotted Maskray",57
Indonesia,"Moses' Snapper",57
Indonesia,"Yellowstripe Goby",57
Indonesia,Silverbiddie,57
Indonesia,"Silver Rasbora",57
Indonesia,"Midas Cichlid",57
Indonesia,"Chameleon Parrotfish",56
Indonesia,"Snubnose Gobie",56
Indonesia,"Monocle Bream",56
Indonesia,"Dotted Butterflyfish",55
Indonesia,"Yellow Pygmy Goby",55
Indonesia,"Ruby-Headed Fairy Wrasse",55
Indonesia,"Blood Parrot Cichlid",55
Indonesia,"Tailspot Lizardfish",55
Indonesia,"Orangespotted Emperor",55
Indonesia,"Japanese Leatherjacket",55
Indonesia,"Carps And Minnow",55
Indonesia,"Southern Platyfish",55
Indonesia,"Clown Blenny",55
Indonesia,"Malay Combtail Gourami",55
Indonesia,"Blackspot Sergeant",54
Indonesia,"Blue-Axil Chromi",54
Indonesia,"Longbarbel Goatfish",54
Indonesia,"Solor Wrasse",54
Indonesia,"Blackmargin Damsel",54
Indonesia,"Blacktip Sandgoby",54
Indonesia,"Whitebelly Roguefish",54
Indonesia,Wedgefish,54
Indonesia,"Coral Catshark",53
Indonesia,"Speckled Sandperch",53
Indonesia,"Marbled Snake Eel",53
Indonesia,"Great Blue-Spotted Mudskipper",53
Indonesia,"Papua Scorpionfish",53
Indonesia,"Narrow-Banded Spanish Mackerel",53
Indonesia,"Guineafowl Puffer",53
Indonesia,"Two-Eyed Coralfish",53
Indonesia,"Pacific Starry Dragonet",53
Indonesia,"Scaly Puller",53
Indonesia,Chrysiptera,53
Indonesia,"Goldlined Sweetlip",53
Indonesia,"Stony Coral Ghostgoby",53
Indonesia,"Thread Pipefish",53
Indonesia,"Star-Eye Parrotfish",52
Indonesia,"Whitepatch Razorfish",52
Indonesia,"Purple-Eye Goby",52
Indonesia,"Pale-Barred Cori",52
Indonesia,"Wolf Cardinalfish",52
Indonesia,"Blue-Eyed Mulletgoby",52
Indonesia,"Harlequin Rasbora",52
Indonesia,"Blue Peacock Bas",52
Indonesia,"Gilded Triggerfish",51
Indonesia,"Morrison'S Dragonet",51
Indonesia,"Sea Catfish",51
Indonesia,"Fringelip Mullet",51
Indonesia,"Sergeant Major",51
Indonesia,"Squaretail Coralgrouper",51
Indonesia,"Blackbanded Snapper",51
Indonesia,"Stocky Anthia",51
Indonesia,"Yellowstripe Scad",51
Indonesia,"Highfin Grouper",51
Indonesia,"Elegant Sand Diver",51
Indonesia,"Disappearing Wrasse",51
Indonesia,"Pacific Longnose Parrotfish",51
Indonesia,"Spotnape Butterflyfish",51
Indonesia,"Spiny Waspfish",50
Indonesia,Halichoeres,50
Indonesia,"Spectacled Filefish",50
Indonesia,"Butterfly Whiptail",50
Indonesia,"Indo-Pacific Bottlenose Dolphin",50
Indonesia,"Oceanic Manta Ray",50
Indonesia,"Grey Reef Shark",50
Indonesia,"Peaceful Betta",50
Indonesia,"Striped Barracuda",50
Indonesia,"Whitespotted Grouper",50
Indonesia,Saurida,50
Indonesia,"Arcfin Shrimpgoby",50
Indonesia,"Poropuntius Deauratus",50
Indonesia,"Northern Fatnose Goby",49
Indonesia,Siluroidei,49
Indonesia,"Spotted Rasbora",49
Indonesia,"Black-Tail Sergeant",49
Indonesia,"Cross'S Damselfish",49
Indonesia,"Bluespine Unicornfish",49
Indonesia,"Sign Eviota",49
Indonesia,"Tiger Sole",49
Indonesia,"Eviota Pictifacies",48
Indonesia,"Copper Sweeper",48
Indonesia,"Spotted-Gill Cardinalfish",48
Indonesia,"Yellowface Wrasse",48
Indonesia,"Axilspot Wrasse",48
Indonesia,"Whitemargin Unicornfish",48
Indonesia,"Banda Blenny",48
Indonesia,"Mackerel Tuna",48
Indonesia,"Dussumier'S Rockskipper",48
Indonesia,"Purple Dottyback",48
Indonesia,"Sabre Squirrelfish",48
Indonesia,"Bluelip Bristletooth",47
Indonesia,"Crosshatch Goby",47
Indonesia,"Argus Wrasse",47
Indonesia,"Suckermouth Catfish",47
Indonesia,"Crocodile Pikehead Gourami",47
Indonesia,Bothus,47
Indonesia,"Whiptail Stingray",47
Indonesia,"Pearl Danio",46
Indonesia,"Bornean Leaffish",46
Indonesia,"Redhead Cichlid",46
Indonesia,"Maori Wrasse",46
Indonesia,"Whiptail Bream",46
Indonesia,Stingfish,46
Indonesia,"Yelloweyed Cardinalfish",46
Indonesia,"Bigscale Soldierfish",45
Indonesia,"Crosshatch Butterflyfish",45
Indonesia,"Cockerel Wrasse",45
Indonesia,"Fivestripe Wrasse",45
Indonesia,"Scalloped Hammerhead",45
Indonesia,"Threadfin Eartheater",45
Indonesia,Grouper,45
Indonesia,"Viviparous Halfbeak",45
Indonesia,"Threadfin Bream",45
Indonesia,Ecsenius,45
Indonesia,"Wrasses And Allie",45
Indonesia,"Bubblefin Wrasse",45
Indonesia,"Bigeye Barracuda",44
Indonesia,"Large Whipgoby",44
Indonesia,"Common Rasbora",44
Indonesia,"Barbodes Sealei",44
Indonesia,"Clouded Lizardfish",44
Indonesia,"Giant Queenfish",44
Indonesia,"Black Widow Tetra",44
Indonesia,"Slender Sandgoby",44
Indonesia,"Springer'S Demoiselle",44
Indonesia,"Mangrove Cardinalfish",44
Indonesia,"White-Spotted Wrasse",44
Indonesia,"Crown Squirrelfish",44
Indonesia,"Rasbora Cephalotaenia",44
Indonesia,Chub,44
Indonesia,Pterois,44
Indonesia,"Terry'S Pygmygoby",43
Indonesia,"Starry Blenny",43
Indonesia,"Whitetail Damsel",43
Indonesia,"Kabili Bumblebee Goby",43
Indonesia,"Amphiprion Percula",43
Indonesia,Flatfish,43
Indonesia,"Barred Yellowtail Scad",43
Indonesia,"Twin Dwarfgoby",42
Indonesia,"Smallspotted Dart",42
Indonesia,Amphilophus,42
Indonesia,"Torpedo Scad",42
Indonesia,"Red Devil Cichlid",42
Indonesia,"Bump-Head Mola",42
Indonesia,"Blackspine Unicornfish",42
Indonesia,"Leopard Coralgrouper",42
Indonesia,"Spotted Moray",42
Indonesia,"Lyretail Hawkfish",42
Indonesia,Synchiropus,41
Indonesia,"Leafy Filefish",41
Indonesia,"Diagonal Shrimpgoby",41
Indonesia,Blubberlip,41
Indonesia,"Fan Shrimpgoby",41
Indonesia,"Raggy Scorpionfish",41
Indonesia,"Marbled Stargazer",41
Indonesia,"Discus Cichlid",41
Indonesia,"Barbonymus Collingwoodii",41
Indonesia,"Pacific Peacock Flounder",41
Indonesia,"Six-Banded Tiger Barb",41
Indonesia,"Leopard Blenny",41
Indonesia,"Candystripe Cardinalfish",41
Indonesia,"Kissing Gourami",41
Indonesia,"Pale Dwarfgoby",41
Indonesia,"Brownstripe Snapper",40
Indonesia,Thalassoma,40
Indonesia,Jawfish,40
Indonesia,"Clown Knifefish",40
Indonesia,"Leopard Wrasse",40
Indonesia,Parascorpaena,40
Indonesia,"Yellowspotted Scorpionfish",40
Indonesia,"Tomato Grouper",40
Indonesia,"Pink Demoiselle",40
Indonesia,"Silverlined Cardinalfish",40
Indonesia,"Spotted Butterflyfish",39
Indonesia,"Peacock Damsel",39
Indonesia,"Slender Maori Wrasse",39
Indonesia,"Orangeback Wrasse",39
Indonesia,"Sillago Whiting",39
Indonesia,Tylosurus,39
Indonesia,"Sailfin Shrimpgoby",39
Indonesia,"Freckled Goby",38
Indonesia,"Satun Betta",38
Indonesia,"Manylined Cardinalfish",38
Indonesia,"Rosy Threadfin Bream",38
Indonesia,Flyingfish,38
Indonesia,"Emperor Snakehead",38
Indonesia,"Striped Flying Barb",38
Indonesia,"Pearl Gourami",38
Indonesia,Pufferfish,38
Indonesia,Amblyeleotris,38
Indonesia,"False Cleanerfish",38
Indonesia,Pempheris,38
Indonesia,"Blackstripe Dottyback",38
Indonesia,"Cutribbon Wrasse",38
Indonesia,"Eyespot Surgeonfish",37
Indonesia,"Stargazer Snake Eel",37
Indonesia,"Yellowbreast Wrasse",37
Indonesia,"Yellowlined Snapper",37
Indonesia,"Snubnose Dart",37
Indonesia,"Eibl'S Angelfish",37
Indonesia,"Yellow-Eyed Puffer",37
Indonesia,"Blue Unicornfish",37
Indonesia,"Bluelined Rockcod",37
Indonesia,Sardinella,37
Indonesia,"Reptilian Snake Eel",37
Indonesia,"Chocolate Gourami",37
Indonesia,"Orange-Spotted Pipefish",37
Indonesia,"Arrowhead Soapfish",37
Indonesia,"Twostripe Eviota",36
Indonesia,Amblyglyphidodon,36
Indonesia,Caesio,36
Indonesia,Gobblegut,36
Indonesia,"Common Molly",36
Indonesia,"Freckled Grouper",36
Indonesia,"Poss' Scorpionfish",36
Indonesia,"Violet Demoiselle",36
Indonesia,Moolgarda,36
Indonesia,"Pacific Crown Toby",36
Indonesia,Pygmygobie,36
Indonesia,"Blackfin Sweetlip",36
Indonesia,"Richardson'S Moray",36
Indonesia,"Typical Sea Turtle",36
Indonesia,"Blotched Fantail Ray",35
Indonesia,"Requiem Shark",35
Indonesia,"Nemacheilus Chrysolaimos",35
Indonesia,"Batuna Damsel",35
Indonesia,"Rainbow Wrasses And Allie",35
Indonesia,"Goldback Damsel",35
Indonesia,"Frecklefin Spiny Eel",35
Indonesia,"Orange-Socket Surgeonfish",35
Indonesia,"Ornate Hawkfish",35
Indonesia,"Rasbora Dusonensis",35
Indonesia,Petroscirtes,35
Indonesia,"Wassinki Cardinalfish",35
Indonesia,"Ringed Slender Wrasse",35
Indonesia,"Hairfin Eviota",35
Indonesia,"Yellowfoot Shrimpgoby",35
Indonesia,"Yellowlined Cardinalfish",35
Indonesia,Plectorhinchus,34
Indonesia,"Threespot Squirrelfish",34
Indonesia,"Toothy Cardinalfish",34
Indonesia,"Ocellate Butterflyfish",34
Indonesia,"Indian Redfin Butterflyfish",34
Indonesia,"Shark Catfish",34
Indonesia,"Hazeus Profusus",34
Indonesia,"Roughsnout Ghostpipefish",34
Indonesia,"Beardless Barb",34
Indonesia,Cynoglossus,34
Indonesia,"Spotted Sicklefish",34
Indonesia,"Terengganu Betta",34
Indonesia,Dermogenys,34
Indonesia,"Javaen Barb",34
Indonesia,"Stocky Hawkfish",34
Indonesia,Ablabys,34
Indonesia,"Pacific Surge Demoiselle",34
Indonesia,Parupeneus,34
Indonesia,"Largemouth Threefin",34
Indonesia,"Indian Mud Moray",33
Indonesia,"Three Twinspot Flounder",33
Indonesia,"Atlantic Tripletail",33
Indonesia,Trachyrhamphus,33
Indonesia,"Yellowtail Sergeant",33
Indonesia,"Snake Eel",33
Indonesia,"Clearfin Lionfish",33
Indonesia,"True Sole",33
Indonesia,"Brown Drombu",33
Indonesia,"Barred Trevally",33
Indonesia,"Darkspotted Sole",33
Indonesia,Goatfish,33
Indonesia,"Reticulated Puffer",33
Indonesia,"Threeline Monocle Bream",32
Indonesia,"Giant Arapaima",32
Indonesia,"Curious Wormfish",32
Indonesia,"Bridled Triggerfish",32
Indonesia,"Nudiantennarius Subteres",32
Indonesia,"Indian Doublebar Goatfish",32
Indonesia,Hemibagrus,32
